ProductName,Description,Category,Price,SafetyRating
Khaki Join Arts & Craft,Result loss long decision claim street.,Arts & Crafts,119.7,Restricted
Beige Either Doll,Campaign or care.,Dolls,18.71,Safe
Thistle Among Sport,Chair coach two might if wide point.,Sports,197.19,Safe
Lightskyblue Your Doll,Describe paper likely loss.,Dolls,82.22,Caution
Indigo Then Arts & Craft,Over some star consider process enough.,Arts & Crafts,40.9,Caution
Mediumspringgreen Win Board Game,Others attention her car admit mission training.,Board Games,137.33,Restricted
Peachpuff The Doll,Painting concern top outside.,Dolls,125.73,Safe
White Most Board Game,Behavior process top much.,Board Games,41.05,Caution
Aliceblue Watch Sport,Miss have analysis morning director sort.,Sports,198.01,Restricted
Olive Hard Board Game,Source traditional student office international effort she travel.,Board Games,140.08,Safe
Darkblue Federal Board Game,Theory impact country remember smile official brother according.,Board Games,166.14,Caution
Greenyellow Rise Book,Impact blood international one end movie.,Books,60.87,Safe
Moccasin Population Arts & Craft,Yeah however data need newspaper.,Arts & Crafts,50.4,Caution
Fuchsia Hospital Book,Never effect fill general relationship save talk.,Books,178.09,Restricted
Darkorchid Small Puzzle,Land record class Democrat hundred.,Puzzles,37.15,Safe
Mediumslateblue Suddenly Board Game,Pass range appear home player source statement.,Board Games,151.55,Restricted
Seashell With Sport,Itself ask develop bag also his worker pass.,Sports,151.93,Caution
Turquoise Few Book,Arm similar compare manager action sure us million.,Books,78.78,Safe
Goldenrod Along Puzzle,Member recognize past purpose growth pretty wish beautiful.,Puzzles,27.27,Safe
Lightsalmon State Doll,Good house only military say attention.,Dolls,39.04,Safe
Darkgoldenrod Often Book,Risk next on girl spring.,Books,123.32,Caution
Ivory Police Book,Lawyer identify above company media.,Books,123.22,Caution
Cornsilk Most Sport,Future bring message election Mrs.,Sports,194.5,Safe
Lightcoral Rule Doll,Whom none show serious which learn.,Dolls,139.52,Restricted
Salmon Watch Sport,Television loss election him small detail red son.,Sports,156.03,Caution
Palevioletred Head Doll,Movie red enjoy expert human see garden.,Dolls,65.77,Safe
Fuchsia Maybe Puzzle,Government thus especially water raise travel.,Puzzles,10.62,Restricted
Springgreen Since Sport,Dog drug enter director strong.,Sports,194.66,Safe
Mintcream Clearly Doll,Build bad what manage.,Dolls,175.4,Caution
Antiquewhite South Board Game,When summer he firm together thing off.,Board Games,39.04,Safe
Lightsalmon Military Vehicle,Worker trouble exactly develop.,Vehicles,123.8,Caution
Darksalmon Arm Vehicle,Son long must maybe hour rather company.,Vehicles,31.25,Caution
Darkorchid Say Sport,Least ready activity decision ok foot party.,Sports,55.5,Safe
Lightgoldenrodyellow Culture Doll,Enjoy especially when gas contain interest industry.,Dolls,26.27,Caution
Navy His Doll,Evidence conference capital office direction between.,Dolls,195.82,Restricted
Lightpink Summer Electronic,New task cultural son school.,Electronics,34.39,Caution
Sienna Sure Electronic,Computer matter yet.,Electronics,60.36,Restricted
Tomato None Book,Size feel no nothing huge real.,Books,193.23,Restricted
Chocolate Dinner Board Game,Live picture last free guess.,Board Games,145.46,Caution
Lightcyan Guy Arts & Craft,In go quickly.,Arts & Crafts,93.24,Restricted
Gray Part Puzzle,Practice Mrs without expect foot member simple.,Puzzles,32.99,Safe
Rosybrown Visit Doll,High expert place certain.,Dolls,74.24,Restricted
Firebrick Push Board Game,Instead partner if trade bad gas.,Board Games,121.8,Safe
Maroon Free Doll,Report painting house thought sit.,Dolls,144.49,Safe
Mistyrose Small Board Game,Minute late cold take by doctor edge season.,Board Games,22.81,Safe
Cyan Develop Arts & Craft,However believe view list.,Arts & Crafts,23.46,Safe
Cadetblue Agree Sport,Model you billion peace base use.,Sports,137.11,Safe
Orange For Electronic,Easy exist phone capital stuff.,Electronics,147.44,Restricted
Black Already Puzzle,Team foot live window music evening.,Puzzles,56.17,Caution
Red Central Book,Computer our piece player nor model police.,Books,46.18,Safe
Magenta When Book,Loss dinner become film include choose.,Books,77.32,Caution
Aqua A Puzzle,Spring summer gas light across two water.,Puzzles,174.13,Safe
Silver Firm Doll,She something others.,Dolls,21.52,Restricted
Antiquewhite Official Arts & Craft,Country think join economic resource position.,Arts & Crafts,162.11,Safe
Oldlace Discussion Board Game,Bad personal might son party.,Board Games,46.4,Restricted
Lightpink Feel Puzzle,Speak include table consumer face PM pay.,Puzzles,36.63,Safe
Lightpink School Sport,Man fly charge wide against win example by.,Sports,97.9,Safe
Purple Short Puzzle,Do character management.,Puzzles,163.52,Restricted
Mediumspringgreen Kitchen Doll,Size marriage he recent all.,Dolls,19.61,Restricted
Cyan Threat Vehicle,Argue simply author like.,Vehicles,194.11,Safe
